site,x,y
0,-119.258599,37.03101
1,-123.613275,39.721419
2,-123.48651,39.564755
3,-122.347941,39.151887
4,-119.177676,37.06238